{
  "_comment": "长沙地铁站点坐标（基于实际站点位置的标准化坐标）",
  "stations": {
    "金盆丘(铜官窑巴士站)": {"x": 406.88009, "y": 0.0, "lines": ["1号线"]},
    "金霞": {"x": 461.397374, "y": 64.390602, "lines": ["1号线"]},
    "鹅羊山": {"x": 517.54779, "y": 136.949804, "lines": ["1号线"]},
    "秀峰山": {"x": 555.64582, "y": 208.373546, "lines": ["1号线"]},
    "宿龙桥": {"x": 596.700237, "y": 288.224601, "lines": ["1号线"]},
    "开福区政府": {"x": 625.430791, "y": 368.181056, "lines": ["1号线"]},
    "马厂": {"x": 639.224472, "y": 419.923504, "lines": ["1号线"]},
    "北辰三角洲": {"x": 617.738322, "y": 491.888626, "lines": ["1号线"]},
    "开福寺": {"x": 600.891941, "y": 557.956067, "lines": ["1号线"]},
    "文昌阁": {"x": 595.226231, "y": 604.557807, "lines": ["1号线", "6号线"]},
    "培元桥": {"x": 587.914826, "y": 635.82366, "lines": ["1号线"]},
    "五一广场": {"x": 587.831076, "y": 687.891894, "lines": ["1号线", "2号线"]},
    "南门口": {"x": 586.834447, "y": 744.592994, "lines": ["1号线"]},
    "侯家塘": {"x": 611.716673, "y": 791.118079, "lines": ["1号线", "3号线"]},
    "南湖路": {"x": 626.192919, "y": 828.022901, "lines": ["1号线"]},
    "黄土岭": {"x": 625.811855, "y": 854.536115, "lines": ["1号线", "4号线"]},
    "涂家冲": {"x": 622.80103, "y": 889.840754, "lines": ["1号线"]},
    "铁道学院": {"x": 633.424761, "y": 971.325528, "lines": ["1号线"]},
    "友谊路": {"x": 631.653441, "y": 1031.36114, "lines": ["1号线"]},
    "省政府·清风": {"x": 634.224577, "y": 1090.999103, "lines": ["1号线"]},
    "桂花坪": {"x": 637.645778, "y": 1148.241582, "lines": ["1号线"]},
    "大托": {"x": 641.247043, "y": 1228.130964, "lines": ["1号线"]},
    "中信广场": {"x": 643.516677, "y": 1270.583726, "lines": ["1号线"]},
    "尚双塘": {"x": 654.140407, "y": 1327.088396, "lines": ["1号线"]},

    "梅溪湖西": {"x": 191.918092, "y": 732.974898, "lines": ["2号线"]},
    "麓云路": {"x": 234.953204, "y": 709.872853, "lines": ["2号线"]},
    "文化艺术中心": {"x": 269.743096, "y": 681.313896, "lines": ["2号线"]},
    "梅溪湖东": {"x": 302.03304, "y": 657.435715, "lines": ["2号线"]},
    "望城坡(汽车西站)": {"x": 325.152321, "y": 629.624149, "lines": ["2号线"]},
    "金星路": {"x": 387.542137, "y": 636.484814, "lines": ["2号线"]},
    "西湖公园": {"x": 434.969955, "y": 652.845968, "lines": ["2号线"]},
    "溁湾镇": {"x": 483.155713, "y": 676.887042, "lines": ["2号线", "4号线"]},
    "橘子洲·青莲": {"x": 529.570151, "y": 686.53126, "lines": ["2号线"]},
    "湘江中路": {"x": 558.233705, "y": 688.3662, "lines": ["2号线"]},
    "芙蓉广场": {"x": 622.306903, "y": 689.956801, "lines": ["2号线"]},
    "迎宾路口": {"x": 653.805406, "y": 690.402361, "lines": ["2号线", "6号线"]},
    "袁家岭": {"x": 689.244363, "y": 691.590521, "lines": ["2号线"]},
    "长沙火车站": {"x": 732.526538, "y": 695.959884, "lines": ["2号线", "3号线"]},
    "锦泰广场": {"x": 760.164151, "y": 704.478224, "lines": ["2号线"]},
    "万家丽广场": {"x": 814.618622, "y": 706.169435, "lines": ["2号线", "5号线"]},
    "人民东路": {"x": 848.529135, "y": 741.330345, "lines": ["2号线", "6号线"]},
    "长沙大道": {"x": 872.779046, "y": 817.300716, "lines": ["2号线"]},
    "沙湾公园": {"x": 874.521053, "y": 868.243072, "lines": ["2号线", "4号线"]},
    "杜花路": {"x": 922.991562, "y": 922.486406, "lines": ["2号线"]},
    "长沙火车南站": {"x": 959.611398, "y": 919.956775, "lines": ["2号线", "4号线"]},
    "光达": {"x": 1042.603798, "y": 912.267272, "lines": ["2号线", "4号线"]},

    "湘潭北站": {"x": 448.684073, "y": 1800.0, "lines": ["3号线"]},
    "船形山": {"x": 474.579678, "y": 1721.931186, "lines": ["3号线"]},
    "黄家湾": {"x": 464.391449, "y": 1670.437868, "lines": ["3号线"]},
    "双湖": {"x": 383.764997, "y": 1497.392915, "lines": ["3号线"]},
    "坪塘": {"x": 319.951425, "y": 1415.898559, "lines": ["3号线"]},
    "红桥": {"x": 307.05806, "y": 1340.589342, "lines": ["3号线"]},
    "桐溪": {"x": 302.849605, "y": 1261.753973, "lines": ["3号线"]},
    "大王山": {"x": 338.242499, "y": 1198.311982, "lines": ["3号线"]},
    "山塘": {"x": 375.833839, "y": 1150.440636, "lines": ["3号线"]},
    "洋湖湿地": {"x": 430.024497, "y": 1074.182807, "lines": ["3号线"]},
    "洋湖新城": {"x": 457.004669, "y": 1007.032608, "lines": ["3号线"]},
    "阳光": {"x": 422.855468, "y": 946.240022, "lines": ["3号线"]},
    "中南大学": {"x": 425.635979, "y": 884.977922, "lines": ["3号线"]},
    "阜埠河": {"x": 466.891397, "y": 832.22937, "lines": ["3号线", "4号线"]},
    "灵官渡": {"x": 563.208476, "y": 764.906696, "lines": ["3号线"]},
    "东塘": {"x": 656.849731, "y": 810.713136, "lines": ["3号线"]},
    "桂花公园": {"x": 692.745127, "y": 806.880362, "lines": ["3号线"]},
    "阿弥岭": {"x": 720.504177, "y": 787.246977, "lines": ["3号线"]},
    "朝阳村": {"x": 731.676472, "y": 730.1626, "lines": ["3号线", "6号线"]},
    "烈士公园东": {"x": 724.080317, "y": 626.524393, "lines": ["3号线"]},
    "丝茅冲": {"x": 715.784845, "y": 551.938612, "lines": ["3号线"]},
    "四方坪·双拥": {"x": 715.981659, "y": 517.836506, "lines": ["3号线"]},
    "雅雀湖": {"x": 744.523775, "y": 486.637726, "lines": ["3号线"]},
    "长沙大学": {"x": 816.838006, "y": 469.371079, "lines": ["3号线"]},
    "月湖公园北": {"x": 863.315257, "y": 463.358415, "lines": ["3号线", "5号线"]},
    "湘龙": {"x": 941.831201, "y": 446.570865, "lines": ["3号线"]},
    "星沙": {"x": 1050.384205, "y": 446.690639, "lines": ["3号线"]},
    "松雅湖(南)": {"x": 1122.254559, "y": 447.854844, "lines": ["3号线"]},
    "星沙文体中心": {"x": 1153.753062, "y": 447.706324, "lines": ["3号线"]},
    "螺丝塘": {"x": 1202.286384, "y": 447.624878, "lines": ["3号线"]},
    "广生": {"x": 1254.278596, "y": 450.135345, "lines": ["3号线"]},

    "罐子岭": {"x": 364.829045, "y": 211.094816, "lines": ["4号线"]},
    "月亮岛西": {"x": 391.470028, "y": 247.343275, "lines": ["4号线"]},
    "湘江新城": {"x": 408.919411, "y": 274.019382, "lines": ["4号线"]},
    "汉王陵公园": {"x": 466.816021, "y": 341.016271, "lines": ["4号线"]},
    "福元大桥西": {"x": 513.745525, "y": 410.408643, "lines": ["4号线"]},
    "茶子山": {"x": 517.057851, "y": 461.058751, "lines": ["4号线"]},
    "观沙岭": {"x": 487.502355, "y": 519.09653, "lines": ["4号线"]},
    "六沟垅": {"x": 495.215762, "y": 564.610721, "lines": ["4号线", "6号线"]},
    "望月湖": {"x": 502.007914, "y": 633.773126, "lines": ["4号线"]},
    "湖南师大": {"x": 469.43322, "y": 731.274105, "lines": ["4号线"]},
    "湖南大学": {"x": 462.87138, "y": 762.765133, "lines": ["4号线"]},
    "碧沙湖(恰同学少年广场)": {"x": 551.747241, "y": 835.789059, "lines": ["4号线"]},
    "砂子塘": {"x": 656.485417, "y": 845.653661, "lines": ["4号线"]},
    "赤岗岭": {"x": 709.323507, "y": 858.570109, "lines": ["4号线"]},
    "树木岭": {"x": 776.512217, "y": 874.576731, "lines": ["4号线"]},
    "圭塘": {"x": 816.653755, "y": 869.033582, "lines": ["4号线", "5号线"]},
    "粟塘": {"x": 905.956743, "y": 868.367638, "lines": ["4号线"]},
    "平阳": {"x": 925.545948, "y": 894.598184, "lines": ["4号线"]},
    "杜家坪": {"x": 1079.206884, "y": 945.708225, "lines": ["4号线"]},

    "毛竹塘": {"x": 840.480727, "y": 1167.415034, "lines": ["5号线"]},
    "板塘冲": {"x": 851.661397, "y": 1066.454977, "lines": ["5号线"]},
    "大塘": {"x": 839.165847, "y": 996.109202, "lines": ["5号线"]},
    "雨花区政府": {"x": 833.445698, "y": 964.584636, "lines": ["5号线"]},
    "木桥": {"x": 815.874877, "y": 911.189304, "lines": ["5号线"]},
    "高桥南": {"x": 810.694918, "y": 823.346917, "lines": ["5号线"]},
    "高桥北": {"x": 812.487176, "y": 779.53831, "lines": ["5号线"]},
    "芙蓉区政府": {"x": 813.735056, "y": 735.815942, "lines": ["5号线", "6号线"]},
    "马王堆": {"x": 816.951069, "y": 665.345602, "lines": ["5号线"]},
    "火炬村": {"x": 817.244195, "y": 624.957746, "lines": ["5号线"]},
    "鸭子铺": {"x": 837.595528, "y": 545.509133, "lines": ["5号线"]},
    "马栏山": {"x": 857.385733, "y": 513.764183, "lines": ["5号线"]},
    "白茅铺": {"x": 890.663931, "y": 424.422223, "lines": ["5号线"]},
    "土桥": {"x": 921.186742, "y": 359.768117, "lines": ["5号线"]},
    "水渡河": {"x": 954.368627, "y": 282.935373, "lines": ["5号线"]},

    "谢家桥": {"x": 0.0, "y": 796.905567, "lines": ["6号线"]},
    "象鼻窝": {"x": 71.99598, "y": 796.963059, "lines": ["6号线"]},
    "中塘": {"x": 115.927221, "y": 754.265957, "lines": ["6号线"]},
    "一师范西校区": {"x": 120.177551, "y": 698.010418, "lines": ["6号线"]},
    "长庆": {"x": 112.426457, "y": 660.324668, "lines": ["6号线"]},
    "和馨园": {"x": 106.748184, "y": 595.675353, "lines": ["6号线"]},
    "长丰": {"x": 150.541237, "y": 565.909073, "lines": ["6号线"]},
    "麓谷体育公园": {"x": 183.191307, "y": 568.299766, "lines": ["6号线"]},